mode,freq_hz,A_m,K,C,r2,amp_state,E_drossels_J,E_exhaust_J,p3_bar_g,pacc_bar_g
roll,1.0,0.001,-913.2860777483777,4.569315620213936,0.6051456043490586,0.0020858207808413386,1.7344558470174742,4.608307303040861,2.0,4.0
