mode,freq_hz,K,C,amp_state,amp_input,r2,E_drossels_J,E_exhaust_J
heave,0.5,-29113.008243716627,-1084.4807602722403,0.5626353346909156,0.001,0.37225306175026485,1422.5714109754317,1821.3566996961608
