{
  "analysis_viewport_width_px": 1280,
  "analysis_viewport_height_px": 720,
  "nominal_visible_length_m": 64.77777777777777,
  "stable_cross_spacing_m": 0.9,
  "old_nearest_row_max_error_m": 0.05350217171547911,
  "old_nearest_row_mean_abs_error_m": 0.023385828553499712,
  "old_edge_bar_mean_offset_m": 0.3385426227172061,
  "old_edge_bar_max_offset_m": 0.8999999999908113,
  "old_center_bar_temporal_jitter_mean_m": 0.03476117914739382,
  "old_center_bar_temporal_jitter_max_m": 0.0978910244416511,
  "new_exact_target_error_m": 0.0,
  "new_center_bar_temporal_jitter_m": 0.0
}
