acc_rms,z_std,roll_rms,pitch_rms,lift,pne,spr,share,pacc_final,pacc_min,pacc_max,pr3_final,pr3_min,pr3_max,name,score,elapsed
2.766636151935308,0.04892633045075305,5.1857369550281245,2.6952842537075714,0.24700199866755496,1223.79811606723,6245.060529221947,0.19596257079348106,3.9965681938163407,3.0859348176372894,4.053,7.729722845499413,3.9265943749163985,8.810222039949538,pump_c1_45_control,4.291635372768296,28.27580714225769
2.624737667240493,0.04857684619499869,5.131231711745858,2.8003943465861876,0.24566955363091272,1141.5793644393873,6083.104584109603,0.18766393847994028,2.8908339738190243,2.8698821185605436,4.053,7.566289232068048,3.93038401604215,8.804267176420028,pump_c1_40_c2_075,4.350382964797716,28.793887853622437
2.63416480896817,0.04962865915954275,5.193885500150003,2.966777103654398,0.24816788807461693,1110.9898660005858,6098.866050539293,0.18216334918559926,2.9254844120469334,2.808140189396529,4.053,8.149617362480054,3.9285195272481155,9.006448057043475,pump_c1_40_small_exhaust,4.454672434148599,28.66926598548889
2.6820696543516522,0.04989099721758176,5.2211184400721695,2.852004231730565,0.2466688874083944,1064.970474351569,6100.085398892068,0.17458287953558732,2.9213365594184713,2.8521325254623995,4.053,7.522785725047826,3.9265943749163985,8.800664158661927,pump_c1_40_control,4.471728976797676,28.45261287689209
2.6919988662248406,0.05041451019862136,5.175301940636668,2.8567507374467764,0.2466688874083944,1002.4338040364701,6084.534147906538,0.16475111810842089,2.528852424508407,2.528852424508407,4.053,8.094974268428716,4.002315639342703,8.373818488919502,pump_c1_40_small_exhaust_bigR3acc,4.5204440622776,28.512290477752686
2.3696183526927204,0.051102979889588375,5.2746640896860155,3.3086825357989658,0.25216522318454365,868.6349323181786,5902.5081735847225,0.14716369834192666,2.425845823654539,2.425845823654539,4.053,6.948692154563972,3.93038401604215,8.795668767524061,control_only,4.688880710621801,28.300498723983765
2.5646458180327194,0.0552452452283177,5.3573576752409116,3.0355583444635257,0.25233177881412394,737.5961049121271,5905.27607280621,0.12490459308223646,2.1530336112937736,2.1530336112937736,4.053,4.563559518472349,4.053,7.085503291016149,baseline,4.9,28.200199842453003
