scenario,diag_throttle_mass_abs_kg,to_R3_mass_abs_kg,exhaust_mass_abs_kg,diag_throttle_energy_J,exhaust_energy_J,frame_z_rms_m,frame_az_rms_mps2,roll_rms_deg
diag_rf_lr_in_phase,0.012931847636277121,0.000753530536653701,0.0026552174530698157,25.19944024447048,146.18214196384614,0.2961410479984699,1.5399538440900489,0.0034764319946805015
diag_rf_lr_anti_phase,0.004913260222710569,0.0007390984213812685,0.0014094186529480927,0.5413997721312365,70.42197153861031,0.2936507239690472,0.01609523949442176,0.7449798573456378
diag_lf_rr_in_phase,0.012931847636277171,0.0007535305366536922,0.0026552174530698166,25.199440244470253,146.18214196384628,0.2961410479984699,1.5399538440900413,0.0034764319946815653
diag_lf_rr_anti_phase,0.004913260222710569,0.0007390984213812685,0.0014094186529480927,0.5413997721312365,70.42197153861031,0.2936507239690472,0.016095239494421758,0.7449798573456378
