z_std,z_pp,acc_rms,roll_rms_deg,pitch_rms_deg,roll_max_deg,pitch_max_deg,lift_mean,pneumo_abs_total_N,spring_abs_total_N,pneumo_share,mass_to_atm_kg,name,elapsed_s,score
0.04539893712635213,0.2300666303824756,1.7969372510541362,5.741607200048113,2.414267137814271,19.133615155363255,8.735124293962807,0.23567621585609594,1080.183673968222,5914.730260620718,0.18262602458135813,,very_high_charge,29.14389705657959,4.790470675208907
0.0477565037257269,0.25741788556068446,2.1081702873716615,5.395996661155919,2.6345205588064906,18.850873860552078,9.240090072562609,0.23967355096602266,1022.7524486970628,5901.5854166194395,0.17330130405583766,,high_charge_big_tanks,29.226147890090942,4.9863092003338325
0.04785866029925642,0.2513153143847956,1.9875908302966891,5.576006425425351,2.6453834959765206,19.267369311895777,9.30388398594365,0.24150566289140574,998.329753913583,5900.303571019346,0.16919972708134912,,charge_up_less_spring,29.3412926197052,4.98921244775131
0.04782458982771022,0.2582334930950084,2.1104239969351926,5.4270450235399235,2.6891198729647936,18.993380858162432,9.425523822668376,0.24067288474350432,1028.8491698592215,5903.868801607565,0.1742669433269039,,high_charge_balanced,28.743205785751343,5.018143030937268
0.049880159480637454,0.2807674128955525,2.3708907485684043,5.391542752799849,2.6748266310290743,18.649681906970006,8.876954127848357,0.2410059960026649,975.6353001505861,5911.199754747155,0.16504860952585385,,charge_up_keep_spring,28.931926727294922,5.1475563985284785
0.05033623127544447,0.27924900736115577,2.3612258116130636,5.300690114118067,2.819112327669739,18.261312571905318,9.055392558289244,0.24600266489007327,906.0942486084311,5908.502937896115,0.15335428587111288,,charge_up_soft_bleed,29.179328680038452,5.212319613833321
0.0552452452283177,0.31218743601426635,2.5646458180327194,5.3573576752409116,3.0355583444635257,18.780876746292673,9.809796353783035,0.25233177881412394,737.5961049121271,5905.27607280621,0.12490459308223646,,baseline,28.908092498779297,5.5
