name,az_rms,z_std,roll_rms_deg,pitch_rms_deg,lift,stroke_min,stroke_max,stroke_span,diag_to_exhaust_ratio,p3_final_bar_abs,pacc_final_bar_abs
higher_regulators,2.328283341240839,0.04413991668133429,5.152011973830889,2.511010516668426,0.23550966022651565,0.15176908911556095,1.0,0.7674693278314658,238.365832159982,8.49899590497605,3.074501797783754
hr_stroke032,2.439920611061925,0.046111300341606896,5.13962027701069,2.701336114617497,0.24067288474350432,0.1782974089174833,0.9654710134123695,0.6840899143968127,218.96522111491575,8.40815511556156,3.1891544985417033
hr_stroke035,2.444805882852553,0.046944306073217854,5.101607614313984,2.8528629568680377,0.24633577614923385,0.13541841721737669,0.9419451010258364,0.6738497436905976,201.53217150811324,8.329816686318498,3.2899221402978043
hr_stroke032_spring016,2.716349011356767,0.047475577853517595,5.225724401588167,2.7468020013517083,0.24516988674217188,0.17158198934579233,1.0,0.7096327877073993,208.78726219225123,8.432934583023922,3.1493428737896085
hr_stroke035_spring016,2.8485037617770432,0.04922896217825487,5.194120916352489,2.792539896927102,0.24783477681545638,0.13354524834904355,0.9792290625768377,0.6959024287279311,189.33747738632897,8.396283174639834,3.261596320551136
hr_stroke032_less_leverage,2.402209512933635,0.04733790625063223,5.143180235044726,2.7798698870959733,0.24067288474350432,0.12876894252627494,0.9469219223838702,0.6900430691527514,218.84134488566468,8.407586390560589,3.3828503943050374
hr_stroke035_less_leverage,2.4745343956090804,0.0494377437244258,5.20120179769833,2.8018616885091148,0.24233844103930713,0.1564129142280887,0.9004593925409712,0.6325760066006219,199.43688180675628,8.257103712700122,3.383625100520837
