mode,freq_hz,A_m,K,C,r2,amp_state,E_drossels_J,E_exhaust_J,p3_bar_g,pacc_bar_g
roll,1.0,0.001,-912.9835260853024,4.623924390913886,0.6071163810810145,0.0020857317211701062,1.7345024636384927,4.609796317584998,2.0,4.0
