mode,freq_hz,K,C,amp_state,amp_input,r2,E_drossels_J,E_exhaust_J
heave,0.5,-29113.008243716627,-1084.4807602722403,0.5626353346909156,0.001,0.37225306175026485,1422.5714109754317,1821.3566996961608
roll,0.5,757.7423747184644,62.72584126510602,0.005145547282757981,0.001,0.001081786928673667,1446.218032628619,1816.839357026008
pitch,0.5,-19781.24701814528,-17.162885236006186,0.2512595319288855,0.001,0.2753701804695159,1027.5007083341052,1881.4660122389612
