{
  "elapsed_s": 8.314673900000344,
  "display_hz_hint": 119.999,
  "interval_ms_runtime": 8,
  "tick_count": 231,
  "tick_hz": 27.782208031031796,
  "tick_mean_ms": 9.614888744708956,
  "update_frame_count": 217,
  "update_frame_hz": 26.0984378473329,
  "update_frame_mean_ms": 10.003199999915138,
  "car3d_update_count": 217,
  "car3d_update_hz": 26.0984378473329,
  "car3d_update_mean_ms": 9.852482027831956,
  "paint_count": 217,
  "paint_hz": 26.0984378473329,
  "paint_mean_ms": 12.992207834081727
}