{
  "elapsed_s": 5.958203599999251,
  "display_hz_hint": 119.999,
  "interval_ms_runtime": 8,
  "tick_count": 133,
  "tick_hz": 22.322164351687597,
  "tick_mean_ms": 16.9509962405365,
  "update_frame_count": 130,
  "update_frame_hz": 21.81865688510818,
  "update_frame_mean_ms": 17.79760461539319,
  "car3d_update_count": 130,
  "car3d_update_hz": 21.81865688510818,
  "car3d_update_mean_ms": 17.654418461601242,
  "paint_count": 130,
  "paint_hz": 19.65874701089711,
  "paint_mean_ms": 50.86794186046987
}