{
  "elapsed_s": 7.236026500000662,
  "display_hz_hint": 119.999,
  "interval_ms_runtime": 1,
  "tick_count": 92,
  "tick_hz": 12.714160181695242,
  "tick_mean_ms": 32.239168478257774,
  "update_frame_count": 90,
  "update_frame_hz": 12.43776539513665,
  "update_frame_mean_ms": 32.929650000066125,
  "car3d_update_count": 90,
  "car3d_update_hz": 12.43776539513665,
  "car3d_update_mean_ms": 32.65794666664684,
  "paint_count": 89,
  "paint_hz": 12.299568001857352,
  "paint_mean_ms": 27.178125842664066
}