{
  "elapsed_s": 7.247547299999496,
  "display_hz_hint": 119.999,
  "interval_ms_runtime": 1,
  "tick_count": 99,
  "tick_hz": 13.659793569061202,
  "tick_mean_ms": 31.201817171695623,
  "update_frame_count": 98,
  "update_frame_hz": 13.521815856242402,
  "update_frame_mean_ms": 31.465494897966725,
  "car3d_update_count": 98,
  "car3d_update_hz": 13.521815856242402,
  "car3d_update_mean_ms": 31.190312244856315,
  "paint_count": 96,
  "paint_hz": 13.245860430604802,
  "paint_mean_ms": 22.159977083333615
}