{
  "elapsed_s": 7.628511900000376,
  "display_hz_hint": 119.999,
  "interval_ms_runtime": 1,
  "tick_count": 167,
  "tick_hz": 21.891556595722392,
  "tick_mean_ms": 17.760620958153574,
  "update_frame_count": 164,
  "update_frame_hz": 21.49829509999085,
  "update_frame_mean_ms": 18.03807682925963,
  "car3d_update_count": 166,
  "car3d_update_hz": 21.760469430478548,
  "car3d_update_mean_ms": 17.67921204828967,
  "paint_count": 162,
  "paint_hz": 21.23612076950316,
  "paint_mean_ms": 13.254602469119781
}