{
  "elapsed_s": 6.596309399999882,
  "display_hz_hint": 119.999,
  "interval_ms_runtime": 8,
  "tick_count": 90,
  "tick_hz": 13.643993109237964,
  "tick_mean_ms": 25.387335555529315,
  "update_frame_count": 91,
  "update_frame_hz": 13.795593032673942,
  "update_frame_mean_ms": 25.81956153848056,
  "car3d_update_count": 91,
  "car3d_update_hz": 13.795593032673942,
  "car3d_update_mean_ms": 25.671784615412065,
  "paint_count": 86,
  "paint_hz": 13.037593415494054,
  "paint_mean_ms": 34.75187558137276
}