{
  "elapsed_s": 7.641040900000007,
  "display_hz_hint": 0.0,
  "interval_ms_runtime": 8,
  "tick_count": 195,
  "tick_hz": 25.52008326509544,
  "tick_mean_ms": 12.448924102565611,
  "update_frame_count": 189,
  "update_frame_hz": 24.734849933861735,
  "update_frame_mean_ms": 12.79114814826157,
  "car3d_update_count": 189,
  "car3d_update_hz": 24.734849933861735,
  "car3d_update_mean_ms": 12.647493121669017,
  "paint_count": 186,
  "paint_hz": 24.342233268244883,
  "paint_mean_ms": 13.232788172078267
}