{
  "elapsed_s": 7.241236599998956,
  "display_hz_hint": 119.999,
  "interval_ms_runtime": 1,
  "tick_count": 109,
  "tick_hz": 15.052677604819005,
  "tick_mean_ms": 31.08095229354232,
  "update_frame_count": 109,
  "update_frame_hz": 15.052677604819005,
  "update_frame_mean_ms": 31.019639449485513,
  "car3d_update_count": 109,
  "car3d_update_hz": 15.052677604819005,
  "car3d_update_mean_ms": 30.751568807334795,
  "paint_count": 108,
  "paint_hz": 14.914579645141766,
  "paint_mean_ms": 16.497503703737525
}