{
  "elapsed_s": 6.138497999999345,
  "display_hz_hint": 119.999,
  "interval_ms_runtime": 8,
  "tick_count": 32,
  "tick_hz": 5.213001617008495,
  "tick_mean_ms": 15.322924999992438,
  "update_frame_count": 22,
  "update_frame_hz": 3.5839386116933407,
  "update_frame_mean_ms": 25.834736363652734,
  "car3d_update_count": 22,
  "car3d_update_hz": 3.5839386116933407,
  "car3d_update_mean_ms": 25.658890908992113,
  "paint_count": 22,
  "paint_hz": 2.8436179909588755,
  "paint_mean_ms": 351.66467619048836
}