{
  "frame_count": 39,
  "pairs": 38,
  "identical_adjacent_ratio_roi": 0.5263157894736842,
  "mean_abs_diff_roi": 6.6488311168247565,
  "median_abs_diff_roi": 0.0,
  "mean_changed_px_ratio_roi_thr8": 0.06567653146615675,
  "median_changed_px_ratio_roi_thr8": 0.0,
  "roi_rel": {
    "x0": 0.03,
    "x1": 0.5,
    "y0": 0.08,
    "y1": 0.88
  }
}