{
  "elapsed_s": 7.638873300000341,
  "display_hz_hint": 119.999,
  "interval_ms_runtime": 1,
  "tick_count": 174,
  "tick_hz": 22.778228302332522,
  "tick_mean_ms": 13.104032758747053,
  "update_frame_count": 176,
  "update_frame_hz": 23.040047018451286,
  "update_frame_mean_ms": 12.856401704559836,
  "car3d_update_count": 178,
  "car3d_update_hz": 23.30186573457005,
  "car3d_update_mean_ms": 12.569639325949048,
  "paint_count": 175,
  "paint_hz": 22.909137660391902,
  "paint_mean_ms": 14.094137714408655
}