{
  "roi_bbox_absolute": [
    560,
    260,
    1180,
    860
  ],
  "roi_shape": [
    600,
    620,
    3
  ],
  "identical_adjacent_ratio_roi": 0.6,
  "mean_changed_px_ratio_roi": 0.10030305779569892,
  "mean_changed_px_ratio_roi_thr8": 0.05210584677419354
}